{
  "peliculas": [
    {
      "titulo": "Zootopia 2",
      "clasificacion": "A",
      "duracion": "108 min",
      "horarios": [
        { "hora": "12:00" },
        { "hora": "15:00" },
        { "hora": "18:30" }
      ]
    },
    {
      "titulo": "Wicked: Por Siempre",
      "clasificacion": "B",
      "duracion": "138 min",
      "horarios": [
        { "hora": "13:00" },
        { "hora": "19:40" }
      ]
    }
  ],

  "combos": [
    {
      "nombre": "Combo Palomitas",
      "descripcion": "Palomitas grandes + Refresco 700ml",
      "precio": 160
    },
    {
      "nombre": "Combo Nachos",
      "descripcion": "Nachos + Refresco 700ml",
      "precio": 145
    },
    {
      "nombre": "Combo Hot Dog",
      "descripcion": "Hot dog + Refresco 700ml",
      "precio": 130
    }
  ],

  "precios_boletos": {
    "adulto_2d": 80,
    "adulto_3d": 110,
    "nino_2d": 68,
    "nino_3d": 110,
    "tercera_edad_2d": 68,
    "tercera_edad_3d": 110
  }
}
