{
  "pedidos": [
    {
      "nombre": "Irving Omar Lucio Cebreros",
      "productos": "2 combo palomita 1 nacho",
      "boletos": "2 adulto 3d",
      "detalle_productos": [
        {
          "nombre": "combo palomita 1 nacho",
          "cantidad": 2,
          "precio_unitario": null,
          "subtotal": null
        }
      ],
      "detalle_boletos": [
        {
          "nombre": "Adulto 3D",
          "cantidad": 2,
          "precio_unitario": 110.0,
          "subtotal": 220.0
        }
      ],
      "total_dulceria": 0.0,
      "total_boletos": 220.0,
      "total": 220.0
    },
    {
      "nombre": "Irving Omar Lucio Cebreros",
      "productos": "Combo palomitas",
      "boletos": "Sin boletos",
      "detalle_productos": [
        {
          "nombre": "Combo Palomitas",
          "cantidad": 1,
          "precio_unitario": 160.0,
          "subtotal": 160.0
        }
      ],
      "detalle_boletos": [],
      "total_dulceria": 160.0,
      "total_boletos": 0.0,
      "total": 160.0
    }
  ]
}